[
    {"key":"Dashboard","url":"admin/dashboard","visible_for":"admin","created_at":null,"updated_at":null},
    {"key":"POS","url":"admin/pos","visible_for":"admin","created_at":null,"updated_at":null},
    {"key":"Order All","url":"admin/orders/list/all","visible_for":"admin","created_at":null,"updated_at":null},
    {"key":"Order Pending","url":"admin/orders/list/pending","visible_for":"admin","created_at":null,"updated_at":null},
    {"key":"Order Confirmed","url":"admin/orders/list/confirmed","visible_for":"admin","created_at":null,"updated_at":null},
    {"key":"Order Processing","url":"admin/orders/list/processing","visible_for":"admin","created_at":null,"updated_at":null},
    {"key":"Out For Delivery Order","url":"admin/orders/list/out_for_delivery","visible_for":"admin","created_at":null,"updated_at":null},
    {"key":"Order Delivered","url":"admin/orders/list/delivered","visible_for":"admin","created_at":null,"updated_at":null},
    {"key":"Order Returned","url":"admin/orders/list/returned","visible_for":"admin","created_at":null,"updated_at":null},
    {"key":"Order Orders","url":"admin/orders/list/failed","visible_for":"admin","created_at":null,"updated_at":null},
    {"key":"Order Canceled","url":"admin/orders/list/canceled","visible_for":"admin","created_at":null,"updated_at":null},
    {"key":"Refund Requests Pending","url":"admin/refund-section/refund/list/pending","visible_for":"admin","created_at":null,"updated_at":null},
    {"key":"Refund Requests Approved","url":"admin/refund-section/refund/list/approved","visible_for":"admin","created_at":null,"updated_at":null},
    {"key":"Refund Requests Refunded","url":"admin/refund-section/refund/list/refunded","visible_for":"admin","created_at":null,"updated_at":null},
    {"key":"Refund Requests Rejected","url":"admin/refund-section/refund/list/rejected","visible_for":"admin","created_at":null,"updated_at":null},
    {"key":"Categories","url":"admin/category/view","visible_for":"admin","created_at":null,"updated_at":null},
    {"key":"Sub Categories","url":"admin/sub-category/view","visible_for":"admin","created_at":null,"updated_at":null},
    {"key":"Sub Sub Categories","url":"admin/sub-sub-category/view","visible_for":"admin","created_at":null,"updated_at":null},
    {"key":"Brand Add","url":"admin/brand/add-new","visible_for":"admin","created_at":null,"updated_at":null},
    {"key":"Brand List","url":"admin/brand/list","visible_for":"admin","created_at":null,"updated_at":null},
    {"key":"Product Attributes","url":"admin/attribute/view","visible_for":"admin","created_at":null,"updated_at":null},
    {"key":"In-House Product List","url":"admin/product/list/in_house","visible_for":"admin","created_at":null,"updated_at":null},
    {"key":"In-House Product Bulk Import","url":"admin/product/bulk-import","visible_for":"admin","created_at":null,"updated_at":null},
    {"key":"Seller New Products","url":"admin/product/list/seller?status=0","visible_for":"admin","created_at":null,"updated_at":null},
    {"key":"Seller Approved Products","url":"admin/product/list/seller?status=1","visible_for":"admin","created_at":null,"updated_at":null},
    {"key":"Seller Denied Products","url":"admin/product/list/seller?status=2","visible_for":"admin","created_at":null,"updated_at":null},
    {"key":"Banner","url":"admin/banner/list","visible_for":"admin","created_at":null,"updated_at":null},
    {"key":"Coupon","url":"admin/coupon/add-new","visible_for":"admin","created_at":null,"updated_at":null},
    {"key":"Flash Deals","url":"admin/deal/flash","visible_for":"admin","created_at":null,"updated_at":null},
    {"key":"Deal Of The Day","url":"admin/deal/day","visible_for":"admin","created_at":null,"updated_at":null},
    {"key":"Featured Deal","url":"admin/deal/feature","visible_for":"admin","created_at":null,"updated_at":null},
    {"key":"Push Notification","url":"admin/notification/add-new","visible_for":"admin","created_at":null,"updated_at":null},
    {"key":"Announcement","url":"admin/business-settings/announcement","visible_for":"admin","created_at":null,"updated_at":null},
    {"key":"Messages","url":"admin/contact/list","visible_for":"admin","created_at":null,"updated_at":null},
    {"key":"Support Ticket","url":"admin/support-ticket/view","visible_for":"admin","created_at":null,"updated_at":null},
    {"key":"Earning Statistics","url":"admin/report/earning","visible_for":"admin","created_at":null,"updated_at":null},
    {"key":"Inhouse Sales","url":"admin/report/inhoue-product-sale","visible_for":"admin","created_at":null,"updated_at":null},
    {"key":"Seller Sales","url":"admin/report/seller-product-sale","visible_for":"admin","created_at":null,"updated_at":null},
    {"key":"Order Transaction","url":"admin/transaction/list","visible_for":"admin","created_at":null,"updated_at":null},
    {"key":"Refund Transaction","url":"admin/refund-section/refund-list","visible_for":"admin","created_at":null,"updated_at":null},
    {"key":"Wishlist Products","url":"admin/stock/product-in-wishlist","visible_for":"admin","created_at":null,"updated_at":null},
    {"key":"Order Report","url":"admin/report/order","visible_for":"admin","created_at":null,"updated_at":null},
    {"key":"Stock Report","url":"admin/stock/product-stock","visible_for":"admin","created_at":null,"updated_at":null},
    {"key":"Customer List","url":"admin/customer/list","visible_for":"admin","created_at":null,"updated_at":null},
    {"key":"Customer Reviews","url":"admin/reviews/list","visible_for":"admin","created_at":null,"updated_at":null},
    {"key":"Wallet","url":"admin/customer/wallet/report","visible_for":"admin","created_at":null,"updated_at":null},
    {"key":"Loyality Points","url":"admin/customer/loyalty/report","visible_for":"admin","created_at":null,"updated_at":null},
    {"key":"Seller Add","url":"admin/sellers/seller-add","visible_for":"admin","created_at":null,"updated_at":null},
    {"key":"Seller List","url":"admin/sellers/seller-list","visible_for":"admin","created_at":null,"updated_at":null},
    {"key":"Withdraws","url":"admin/sellers/withdraw_list","visible_for":"admin","created_at":null,"updated_at":null},
    {"key":"Subscribers","url":"admin/customer/subscriber-list","visible_for":"admin","created_at":null,"updated_at":null},
    {"key":"Delivery-Man Add","url":"admin/delivery-man/add","visible_for":"admin","created_at":null,"updated_at":null},
    {"key":"Delivery-Man List","url":"admin/delivery-man/list","visible_for":"admin","created_at":null,"updated_at":null},
    {"key":"Employee Role Setup","url":"admin/custom-role/create","visible_for":"admin","created_at":null,"updated_at":null},
    {"key":"Employee Add","url":"admin/employee/list","visible_for":"admin","created_at":null,"updated_at":null},
    {"key":"Business Setup","url":"admin/business-settings/web-config","visible_for":"admin","created_at":null,"updated_at":null},
    {"key":"3rd Party","url":"admin/business-settings/sms-module","visible_for":"admin","created_at":null,"updated_at":null},
    {"key":"All Pages","url":"admin/business-settings/terms-condition","visible_for":"admin","created_at":null,"updated_at":null},
    {"key":"Social Media Links","url":"admin/business-settings/social-media","visible_for":"admin","created_at":null,"updated_at":null},
    {"key":"File Manager","url":"admin/file-manager/index","visible_for":"admin","created_at":null,"updated_at":null},
    {"key":"System Setup","url":"admin/business-settings/web-config/environment-setup","visible_for":"admin","created_at":null,"updated_at":null}
]
